/*
  南京增量数据包（景点 + 门票 + 路线）
  适用库：tourism
  用途：扩充南京路线规划候选池，让轻松 / 常规 / 紧凑差异更明显
  特点：只新增，不清空；重复执行不会重复插入（按主键 id 幂等）
*/

SET NAMES utf8mb4;
SET FOREIGN_KEY_CHECKS = 0;
START TRANSACTION;

-- =========================
-- 1) 新增南京景点（10条）
-- =========================
INSERT INTO `spot`
(`id`,`adminId`,`spotName`,`spotAvatar`,`spotLocation`,`spotDescription`,`latitude`,`longitude`,
 `visitDurationMinutes`,`openTime`,`closeTime`,`spotTags`,`favourNum`,`viewNum`,`spotStatus`,`createTime`,`updateTime`,`isDelete`)
VALUES
(3006011,5,'明孝陵','/spot-images/3006011.jpg','南京','明代皇家陵寝群核心景点，石象路和神道极具历史氛围。',32.061900,118.847300,180,'07:30','18:00','["历史文化","陵寝","南京"]',158,845,1,'2026-03-24 20:30:00','2026-03-24 20:30:00',0),
(3006012,5,'南京总统府','/spot-images/3006012.jpg','南京','兼具近代历史与民国建筑特色，是南京城市历史叙事的重要节点。',32.043400,118.792600,150,'08:30','18:00','["历史文化","民国建筑","南京"]',172,920,1,'2026-03-24 20:30:00','2026-03-24 20:30:00',0),
(3006013,5,'鸡鸣寺','/spot-images/3006013.jpg','南京','南京古寺代表，春季樱花和登高视野体验突出。',32.064500,118.792900,120,'07:30','17:30','["寺庙","历史文化","南京"]',136,760,1,'2026-03-24 20:30:00','2026-03-24 20:30:00',0),
(3006014,5,'牛首山文化旅游区','/spot-images/3006014.jpg','南京','集佛教文化、山地景观和大型建筑群于一体，适合深度游。',31.949800,118.721000,240,'08:30','17:30','["自然风光","佛教文化","南京"]',169,890,1,'2026-03-24 20:30:00','2026-03-24 20:30:00',0),
(3006015,5,'雨花台风景区','/spot-images/3006015.jpg','南京','兼具纪念意义与山地公园属性，适合半日游。',31.995600,118.785600,150,'08:00','17:30','["纪念地","自然风光","南京"]',124,680,1,'2026-03-24 20:30:00','2026-03-24 20:30:00',0),
(3006016,5,'侵华日军南京大屠杀遇难同胞纪念馆','/spot-images/3006016.jpg','南京','重要的爱国主义教育与历史纪念场馆，适合沉浸式参观。',32.035100,118.748800,180,'08:30','16:30','["纪念馆","历史文化","南京"]',181,970,1,'2026-03-24 20:30:00','2026-03-24 20:30:00',0),
(3006017,5,'南京城墙中华门段','/spot-images/3006017.jpg','南京','明城墙代表段落，适合俯瞰古城格局与傍晚散步。',32.008300,118.781800,120,'08:30','21:00','["历史文化","城墙","南京"]',143,780,1,'2026-03-24 20:30:00','2026-03-24 20:30:00',0),
(3006018,5,'红山森林动物园','/spot-images/3006018.jpg','南京','亲子出行热门景区，步行动线丰富，适合放慢节奏游玩。',32.094900,118.807600,210,'08:30','17:00','["亲子","动物园","南京"]',165,910,1,'2026-03-24 20:30:00','2026-03-24 20:30:00',0),
(3006019,5,'紫峰大厦观景台','/spot-images/3006019.jpg','南京','城市高空观景点，适合傍晚和夜景时段安排。',32.061200,118.778900,90,'10:00','22:00','["观景","夜游","南京"]',151,835,1,'2026-03-24 20:30:00','2026-03-24 20:30:00',0),
(3006020,5,'南京眼步行桥','/spot-images/3006020.jpg','南京','滨江夜景和城市地标式步行桥，适合夜游收尾。',31.988900,118.682800,90,'10:00','22:30','["夜游","城市地标","南京"]',139,805,1,'2026-03-24 20:30:00','2026-03-24 20:30:00',0)
ON DUPLICATE KEY UPDATE `id` = `id`;

-- =========================
-- 2) 新增南京门票（10条）
-- =========================
INSERT INTO `spot_fee`
(`id`,`spotId`,`adminId`,`spotFeeDescription`,`spotFeePrice`,`spotFeeNumber`,`spotFeeStatus`,`createTime`,`updateTime`,`isDelete`)
VALUES
(3106011,3006011,5,'明孝陵门票',70.00,5000,1,'2026-03-24 20:35:00','2026-03-24 20:35:00',0),
(3106012,3006012,5,'南京总统府门票',40.00,5000,1,'2026-03-24 20:35:00','2026-03-24 20:35:00',0),
(3106013,3006013,5,'鸡鸣寺门票',15.00,5000,1,'2026-03-24 20:35:00','2026-03-24 20:35:00',0),
(3106014,3006014,5,'牛首山文化旅游区门票',98.00,5000,1,'2026-03-24 20:35:00','2026-03-24 20:35:00',0),
(3106015,3006015,5,'雨花台风景区门票',20.00,5000,1,'2026-03-24 20:35:00','2026-03-24 20:35:00',0),
(3106016,3006016,5,'南京大屠杀纪念馆预约服务票',0.00,5000,1,'2026-03-24 20:35:00','2026-03-24 20:35:00',0),
(3106017,3006017,5,'中华门城堡门票',50.00,5000,1,'2026-03-24 20:35:00','2026-03-24 20:35:00',0),
(3106018,3006018,5,'红山森林动物园门票',40.00,5000,1,'2026-03-24 20:35:00','2026-03-24 20:35:00',0),
(3106019,3006019,5,'紫峰大厦观景票',88.00,5000,1,'2026-03-24 20:35:00','2026-03-24 20:35:00',0),
(3106020,3006020,5,'南京眼步行桥体验票',0.00,5000,1,'2026-03-24 20:35:00','2026-03-24 20:35:00',0)
ON DUPLICATE KEY UPDATE `id` = `id`;

-- =========================
-- 3) 新增南京路线（7条）
-- =========================
INSERT INTO `spot_route`
(`id`,`spotIds`,`adminId`,`spotRouteAvatar`,`spotRouteDescription`,`createTime`,`updateTime`,`isDelete`)
VALUES
(3206011,'["3006002","3006011","3006004"]',5,'/spot-images/3006011.jpg','南京紫金山历史线：中山陵 -> 明孝陵 -> 南京博物院','2026-03-24 20:40:00','2026-03-24 20:40:00',0),
(3206012,'["3006012","3006013","3006003"]',5,'/spot-images/3006012.jpg','南京民国人文线：总统府 -> 鸡鸣寺 -> 玄武湖','2026-03-24 20:40:00','2026-03-24 20:40:00',0),
(3206013,'["3006001","3006005","3006017","3006019"]',5,'/spot-images/3006017.jpg','南京秦淮夜游线：夫子庙 -> 老门东 -> 中华门城墙 -> 紫峰大厦观景台','2026-03-24 20:40:00','2026-03-24 20:40:00',0),
(3206014,'["3006016","3006015","3006012"]',5,'/spot-images/3006016.jpg','南京纪念与城市线：纪念馆 -> 雨花台 -> 总统府','2026-03-24 20:40:00','2026-03-24 20:40:00',0),
(3206015,'["3006018","3006003","3006013"]',5,'/spot-images/3006018.jpg','南京亲子休闲线：红山森林动物园 -> 玄武湖 -> 鸡鸣寺','2026-03-24 20:40:00','2026-03-24 20:40:00',0),
(3206016,'["3006014","3006001","3006020"]',5,'/spot-images/3006014.jpg','南京禅意夜景线：牛首山 -> 夫子庙 -> 南京眼步行桥','2026-03-24 20:40:00','2026-03-24 20:40:00',0),
(3206017,'["3006011","3006002","3006012","3006001"]',5,'/spot-images/3006011.jpg','南京紧凑经典线：明孝陵 -> 中山陵 -> 总统府 -> 夫子庙','2026-03-24 20:40:00','2026-03-24 20:40:00',0)
ON DUPLICATE KEY UPDATE `id` = `id`;

COMMIT;
SET FOREIGN_KEY_CHECKS = 1;

-- 验证（可单独执行）
-- SELECT COUNT(*) AS nanjing_spot_count FROM spot WHERE spotLocation = '南京';
-- SELECT COUNT(*) AS nanjing_route_count FROM spot_route WHERE spotIds LIKE '%30060%';
