/*
  旅游平台数据清扫与重构脚本
  适用库：tourism
  日期：2026-03-23

  说明：
  1. 先备份核心表到 *_bak_20260323
  2. 再清空脏数据（只清理内容与业务表，不动 user）
  3. 重建景点、路线、公告、攻略、留言等种子数据
*/

SET NAMES utf8mb4;
SET FOREIGN_KEY_CHECKS = 0;

START TRANSACTION;

-- =========================
-- 1) 备份核心表
-- =========================
DROP TABLE IF EXISTS `spot_bak_20260323`;
CREATE TABLE `spot_bak_20260323` LIKE `spot`;
INSERT INTO `spot_bak_20260323` SELECT * FROM `spot`;

DROP TABLE IF EXISTS `spot_fee_bak_20260323`;
CREATE TABLE `spot_fee_bak_20260323` LIKE `spot_fee`;
INSERT INTO `spot_fee_bak_20260323` SELECT * FROM `spot_fee`;

DROP TABLE IF EXISTS `spot_route_bak_20260323`;
CREATE TABLE `spot_route_bak_20260323` LIKE `spot_route`;
INSERT INTO `spot_route_bak_20260323` SELECT * FROM `spot_route`;

DROP TABLE IF EXISTS `spot_score_bak_20260323`;
CREATE TABLE `spot_score_bak_20260323` LIKE `spot_score`;
INSERT INTO `spot_score_bak_20260323` SELECT * FROM `spot_score`;

DROP TABLE IF EXISTS `spot_order_bak_20260323`;
CREATE TABLE `spot_order_bak_20260323` LIKE `spot_order`;
INSERT INTO `spot_order_bak_20260323` SELECT * FROM `spot_order`;

DROP TABLE IF EXISTS `user_spot_favorites_bak_20260323`;
CREATE TABLE `user_spot_favorites_bak_20260323` LIKE `user_spot_favorites`;
INSERT INTO `user_spot_favorites_bak_20260323` SELECT * FROM `user_spot_favorites`;

DROP TABLE IF EXISTS `notice_bak_20260323`;
CREATE TABLE `notice_bak_20260323` LIKE `notice`;
INSERT INTO `notice_bak_20260323` SELECT * FROM `notice`;

DROP TABLE IF EXISTS `post_bak_20260323`;
CREATE TABLE `post_bak_20260323` LIKE `post`;
INSERT INTO `post_bak_20260323` SELECT * FROM `post`;

DROP TABLE IF EXISTS `post_favour_bak_20260323`;
CREATE TABLE `post_favour_bak_20260323` LIKE `post_favour`;
INSERT INTO `post_favour_bak_20260323` SELECT * FROM `post_favour`;

DROP TABLE IF EXISTS `post_thumb_bak_20260323`;
CREATE TABLE `post_thumb_bak_20260323` LIKE `post_thumb`;
INSERT INTO `post_thumb_bak_20260323` SELECT * FROM `post_thumb`;

DROP TABLE IF EXISTS `comment_bak_20260323`;
CREATE TABLE `comment_bak_20260323` LIKE `comment`;
INSERT INTO `comment_bak_20260323` SELECT * FROM `comment`;

DROP TABLE IF EXISTS `barrage_bak_20260323`;
CREATE TABLE `barrage_bak_20260323` LIKE `barrage`;
INSERT INTO `barrage_bak_20260323` SELECT * FROM `barrage`;

-- =========================
-- 2) 清理旧数据
-- =========================
DELETE FROM `comment`;
DELETE FROM `barrage`;
DELETE FROM `post_favour`;
DELETE FROM `post_thumb`;
DELETE FROM `post`;
DELETE FROM `notice`;

DELETE FROM `spot_order`;
DELETE FROM `spot_score`;
DELETE FROM `user_spot_favorites`;
DELETE FROM `spot_route`;
DELETE FROM `spot_fee`;
DELETE FROM `spot`;

ALTER TABLE `comment` AUTO_INCREMENT = 1;
ALTER TABLE `barrage` AUTO_INCREMENT = 1;
ALTER TABLE `post_favour` AUTO_INCREMENT = 1;
ALTER TABLE `post_thumb` AUTO_INCREMENT = 1;
ALTER TABLE `post` AUTO_INCREMENT = 1;
ALTER TABLE `notice` AUTO_INCREMENT = 1;
ALTER TABLE `spot_order` AUTO_INCREMENT = 1;
ALTER TABLE `spot_score` AUTO_INCREMENT = 1;
ALTER TABLE `user_spot_favorites` AUTO_INCREMENT = 1;
ALTER TABLE `spot_route` AUTO_INCREMENT = 1;
ALTER TABLE `spot_fee` AUTO_INCREMENT = 1;
ALTER TABLE `spot` AUTO_INCREMENT = 1;

-- =========================
-- 3) 重建景点（22条）
-- spotLocation 统一用“城市名”，便于按城市筛选
-- =========================
INSERT INTO `spot` (`id`,`adminId`,`spotName`,`spotAvatar`,`spotLocation`,`spotDescription`,`spotTags`,`favourNum`,`viewNum`,`spotStatus`,`createTime`,`updateTime`,`isDelete`) VALUES
(3001001,5,'故宫','https://upload.wikimedia.org/wikipedia/commons/a/a7/Forbidden_City_Beijing_Shenwumen_Gate.JPG','北京','明清皇家宫殿群，适合历史文化深度游。','["历史文化","宫殿","北京"]',186,920,1,'2026-03-23 09:00:00','2026-03-23 09:00:00',0),
(3001002,5,'颐和园','https://upload.wikimedia.org/wikipedia/commons/0/06/%E9%A2%90%E5%92%8C%E5%9B%AD%E4%B8%87%E5%AF%BF%E5%B1%B1%E4%BD%9B%E9%A6%99%E9%98%81.jpg','北京','皇家园林代表，适合慢游与拍照。','["园林","休闲","北京"]',142,760,1,'2026-03-23 09:00:00','2026-03-23 09:00:00',0),
(3001003,5,'八达岭长城','https://upload.wikimedia.org/wikipedia/commons/c/c4/GreatWall_Badaling.jpg','北京','长城经典段，交通便利，适合首次打卡。','["历史文化","世界遗产","北京"]',265,1180,1,'2026-03-23 09:00:00','2026-03-23 09:00:00',0),
(3001004,5,'天坛公园','https://upload.wikimedia.org/wikipedia/commons/5/5f/Temple_of_Heaven_20160323_01.jpg','北京','祭天建筑群与古树园林结合，文化氛围浓。','["历史文化","公园","北京"]',98,620,1,'2026-03-23 09:00:00','2026-03-23 09:00:00',0),
(3001005,5,'南锣鼓巷','https://upload.wikimedia.org/wikipedia/commons/7/73/View_down_Nanluoguxiang_2011.jpg','北京','胡同街区与小吃文化体验地。','["人文街区","美食","北京"]',173,840,1,'2026-03-23 09:00:00','2026-03-23 09:00:00',0),
(3001006,5,'什刹海','https://upload.wikimedia.org/wikipedia/commons/9/95/Shishahai.jpg','北京','湖区夜景与酒吧街，适合傍晚游玩。','["夜游","休闲","北京"]',132,690,1,'2026-03-23 09:00:00','2026-03-23 09:00:00',0),

(3002001,5,'西湖','https://upload.wikimedia.org/wikipedia/commons/1/17/West_Lake%2C_Hangzhou_2025.jpg','杭州','杭州核心景区，四季皆可游。','["自然风光","湖泊","杭州"]',281,1300,1,'2026-03-23 09:00:00','2026-03-23 09:00:00',0),
(3002002,5,'灵隐寺','https://upload.wikimedia.org/wikipedia/commons/c/c2/Hangzhou_Lingyin-Temple_20161003.jpg','杭州','千年古刹，文化底蕴深厚。','["历史文化","寺庙","杭州"]',167,860,1,'2026-03-23 09:00:00','2026-03-23 09:00:00',0),
(3002003,5,'西溪湿地','https://upload.wikimedia.org/wikipedia/commons/2/20/Xixi_Wetland_Park%2C_Hangzhou%2C_China.jpg','杭州','湿地生态景观，适合亲子与慢游。','["自然风光","亲子","杭州"]',121,610,1,'2026-03-23 09:00:00','2026-03-23 09:00:00',0),
(3002004,5,'河坊街','https://upload.wikimedia.org/wikipedia/commons/9/99/Hefang_Street.jpg','杭州','古街步行区，适合美食与夜游。','["人文街区","美食","杭州"]',149,735,1,'2026-03-23 09:00:00','2026-03-23 09:00:00',0),
(3002005,5,'千岛湖','https://upload.wikimedia.org/wikipedia/commons/6/6f/Thousand_Island_Lake.JPG','杭州','湖岛景观丰富，适合1日外圈线路。','["自然风光","湖泊","杭州"]',138,700,1,'2026-03-23 09:00:00','2026-03-23 09:00:00',0),

(3003001,5,'秦始皇兵马俑','https://upload.wikimedia.org/wikipedia/commons/8/88/51714-Terracota-Army.jpg','西安','世界级考古遗址，历史价值极高。','["历史文化","博物馆","西安"]',294,1410,1,'2026-03-23 09:00:00','2026-03-23 09:00:00',0),
(3003002,5,'西安城墙','https://upload.wikimedia.org/wikipedia/commons/3/32/City_wall_of_Xi%27an_51550-Xian_%2827959363326%29.jpg','西安','可骑行环城，视角独特。','["历史文化","骑行","西安"]',183,910,1,'2026-03-23 09:00:00','2026-03-23 09:00:00',0),
(3003003,5,'大雁塔','https://upload.wikimedia.org/wikipedia/commons/1/13/Giant_Wild_Goose_Pagoda.jpg','西安','唐文化地标，夜景与喷泉演出热门。','["历史文化","夜游","西安"]',176,845,1,'2026-03-23 09:00:00','2026-03-23 09:00:00',0),
(3003004,5,'回民街','https://upload.wikimedia.org/wikipedia/commons/d/d9/Bei_Yuan_Men.JPG','西安','本地小吃集中地，适合晚间逛吃。','["美食","人文街区","西安"]',155,790,1,'2026-03-23 09:00:00','2026-03-23 09:00:00',0),
(3003005,5,'华清宫','https://upload.wikimedia.org/wikipedia/commons/8/8e/%E5%8D%8E%E6%B8%85%E5%AE%AB.jpg','西安','温泉宫苑与历史故事结合。','["历史文化","园林","西安"]',126,640,1,'2026-03-23 09:00:00','2026-03-23 09:00:00',0),

(3004001,5,'宽窄巷子','https://upload.wikimedia.org/wikipedia/commons/d/d4/Chengdu_travel_045_%2836150300546%29.jpg','成都','成都慢生活代表街区。','["人文街区","休闲","成都"]',163,820,1,'2026-03-23 09:00:00','2026-03-23 09:00:00',0),
(3004002,5,'锦里古街','https://upload.wikimedia.org/wikipedia/commons/e/e3/Jinli_Street_35201-Chengdu_%2849068150581%29.jpg','成都','川味小吃与民俗表演结合。','["美食","人文街区","成都"]',151,780,1,'2026-03-23 09:00:00','2026-03-23 09:00:00',0),
(3004003,5,'成都大熊猫繁育研究基地','https://upload.wikimedia.org/wikipedia/commons/4/4c/Chengdu_Research_Base_Eingang.jpg','成都','亲子和萌宠主题首选景点。','["亲子","自然","成都"]',322,1580,1,'2026-03-23 09:00:00','2026-03-23 09:00:00',0),
(3004004,5,'青城山','https://upload.wikimedia.org/wikipedia/commons/b/be/%E5%9B%9B%E5%B7%9D%E9%9D%92%E5%9F%8E%E5%B1%B1_-_panoramio.jpg','成都','登山与道教文化体验线路。','["自然风光","爬山","成都"]',134,690,1,'2026-03-23 09:00:00','2026-03-23 09:00:00',0),
(3004005,5,'都江堰','https://upload.wikimedia.org/wikipedia/commons/d/d2/36661-Dujiangyan_%2844634340644%29.jpg','成都','古代水利工程，文化科普价值高。','["历史文化","世界遗产","成都"]',172,860,1,'2026-03-23 09:00:00','2026-03-23 09:00:00',0),
(3004006,5,'春熙路','https://upload.wikimedia.org/wikipedia/commons/7/73/Chunxi_Road_seen_from_viaduct%2C_Chengdu.jpg','成都','商业步行街，适合夜游与购物。','["夜游","休闲","成都"]',145,740,1,'2026-03-23 09:00:00','2026-03-23 09:00:00',0);

-- =========================
-- 4) 重建门票（每个景点一条）
-- =========================
INSERT INTO `spot_fee` (`id`,`spotId`,`adminId`,`spotFeeDescription`,`spotFeePrice`,`spotFeeNumber`,`spotFeeStatus`,`createTime`,`updateTime`,`isDelete`) VALUES
(3101001,3001001,5,'故宫标准门票',60.00,5000,1,'2026-03-23 09:10:00','2026-03-23 09:10:00',0),
(3101002,3001002,5,'颐和园标准门票',30.00,5000,1,'2026-03-23 09:10:00','2026-03-23 09:10:00',0),
(3101003,3001003,5,'八达岭长城门票',45.00,5000,1,'2026-03-23 09:10:00','2026-03-23 09:10:00',0),
(3101004,3001004,5,'天坛公园门票',35.00,5000,1,'2026-03-23 09:10:00','2026-03-23 09:10:00',0),
(3101005,3001005,5,'南锣鼓巷游览票',20.00,5000,1,'2026-03-23 09:10:00','2026-03-23 09:10:00',0),
(3101006,3001006,5,'什刹海游船票',50.00,5000,1,'2026-03-23 09:10:00','2026-03-23 09:10:00',0),

(3102001,3002001,5,'西湖景区联票',55.00,5000,1,'2026-03-23 09:10:00','2026-03-23 09:10:00',0),
(3102002,3002002,5,'灵隐寺门票',45.00,5000,1,'2026-03-23 09:10:00','2026-03-23 09:10:00',0),
(3102003,3002003,5,'西溪湿地门票',80.00,5000,1,'2026-03-23 09:10:00','2026-03-23 09:10:00',0),
(3102004,3002004,5,'河坊街体验票',25.00,5000,1,'2026-03-23 09:10:00','2026-03-23 09:10:00',0),
(3102005,3002005,5,'千岛湖游船票',120.00,5000,1,'2026-03-23 09:10:00','2026-03-23 09:10:00',0),

(3103001,3003001,5,'兵马俑门票',120.00,5000,1,'2026-03-23 09:10:00','2026-03-23 09:10:00',0),
(3103002,3003002,5,'西安城墙门票',54.00,5000,1,'2026-03-23 09:10:00','2026-03-23 09:10:00',0),
(3103003,3003003,5,'大雁塔门票',40.00,5000,1,'2026-03-23 09:10:00','2026-03-23 09:10:00',0),
(3103004,3003004,5,'回民街美食通票',30.00,5000,1,'2026-03-23 09:10:00','2026-03-23 09:10:00',0),
(3103005,3003005,5,'华清宫门票',110.00,5000,1,'2026-03-23 09:10:00','2026-03-23 09:10:00',0),

(3104001,3004001,5,'宽窄巷子城市体验票',20.00,5000,1,'2026-03-23 09:10:00','2026-03-23 09:10:00',0),
(3104002,3004002,5,'锦里古街文化票',20.00,5000,1,'2026-03-23 09:10:00','2026-03-23 09:10:00',0),
(3104003,3004003,5,'熊猫基地门票',58.00,5000,1,'2026-03-23 09:10:00','2026-03-23 09:10:00',0),
(3104004,3004004,5,'青城山门票',80.00,5000,1,'2026-03-23 09:10:00','2026-03-23 09:10:00',0),
(3104005,3004005,5,'都江堰门票',80.00,5000,1,'2026-03-23 09:10:00','2026-03-23 09:10:00',0),
(3104006,3004006,5,'春熙路夜游券',15.00,5000,1,'2026-03-23 09:10:00','2026-03-23 09:10:00',0);

-- =========================
-- 5) 重建静态路线（12条）
-- =========================
INSERT INTO `spot_route` (`id`,`spotIds`,`adminId`,`spotRouteAvatar`,`spotRouteDescription`,`createTime`,`updateTime`,`isDelete`) VALUES
(3201001,'["3001001","3001004","3001005"]',5,'https://upload.wikimedia.org/wikipedia/commons/a/a7/Forbidden_City_Beijing_Shenwumen_Gate.JPG','北京历史文化一日线：故宫 -> 天坛 -> 南锣鼓巷','2026-03-23 09:20:00','2026-03-23 09:20:00',0),
(3201002,'["3001002","3001006","3001005"]',5,'https://upload.wikimedia.org/wikipedia/commons/0/06/%E9%A2%90%E5%92%8C%E5%9B%AD%E4%B8%87%E5%AF%BF%E5%B1%B1%E4%BD%9B%E9%A6%99%E9%98%81.jpg','北京慢游二日线（第1天）：颐和园 -> 什刹海 -> 南锣鼓巷','2026-03-23 09:20:00','2026-03-23 09:20:00',0),
(3201003,'["3001003","3001001"]',5,'https://upload.wikimedia.org/wikipedia/commons/c/c4/GreatWall_Badaling.jpg','北京经典打卡线：八达岭长城 -> 故宫','2026-03-23 09:20:00','2026-03-23 09:20:00',0),
(3201004,'["3001004","3001002","3001006"]',5,'https://upload.wikimedia.org/wikipedia/commons/5/5f/Temple_of_Heaven_20160323_01.jpg','北京亲子休闲线：天坛 -> 颐和园 -> 什刹海','2026-03-23 09:20:00','2026-03-23 09:20:00',0),

(3202001,'["3002001","3002002","3002004"]',5,'https://upload.wikimedia.org/wikipedia/commons/1/17/West_Lake%2C_Hangzhou_2025.jpg','杭州经典城市线：西湖 -> 灵隐寺 -> 河坊街','2026-03-23 09:20:00','2026-03-23 09:20:00',0),
(3202002,'["3002001","3002003","3002005"]',5,'https://upload.wikimedia.org/wikipedia/commons/2/20/Xixi_Wetland_Park%2C_Hangzhou%2C_China.jpg','杭州自然风光线：西湖 -> 西溪湿地 -> 千岛湖','2026-03-23 09:20:00','2026-03-23 09:20:00',0),
(3202003,'["3002004","3002001","3002002"]',5,'https://upload.wikimedia.org/wikipedia/commons/9/99/Hefang_Street.jpg','杭州慢生活线：河坊街 -> 西湖 -> 灵隐寺','2026-03-23 09:20:00','2026-03-23 09:20:00',0),

(3203001,'["3003001","3003005","3003003"]',5,'https://upload.wikimedia.org/wikipedia/commons/8/88/51714-Terracota-Army.jpg','西安深度文化线：兵马俑 -> 华清宫 -> 大雁塔','2026-03-23 09:20:00','2026-03-23 09:20:00',0),
(3203002,'["3003002","3003003","3003004"]',5,'https://upload.wikimedia.org/wikipedia/commons/3/32/City_wall_of_Xi%27an_51550-Xian_%2827959363326%29.jpg','西安城内线：城墙 -> 大雁塔 -> 回民街','2026-03-23 09:20:00','2026-03-23 09:20:00',0),
(3203003,'["3003003","3003002","3003004"]',5,'https://upload.wikimedia.org/wikipedia/commons/1/13/Giant_Wild_Goose_Pagoda.jpg','西安夜景美食线：大雁塔 -> 城墙 -> 回民街','2026-03-23 09:20:00','2026-03-23 09:20:00',0),

(3204001,'["3004003","3004002","3004001","3004006"]',5,'https://upload.wikimedia.org/wikipedia/commons/4/4c/Chengdu_Research_Base_Eingang.jpg','成都亲子美食线：熊猫基地 -> 锦里 -> 宽窄巷子 -> 春熙路','2026-03-23 09:20:00','2026-03-23 09:20:00',0),
(3204002,'["3004005","3004004"]',5,'https://upload.wikimedia.org/wikipedia/commons/d/d2/36661-Dujiangyan_%2844634340644%29.jpg','成都山水文化线：都江堰 -> 青城山','2026-03-23 09:20:00','2026-03-23 09:20:00',0);

-- =========================
-- 6) 重建公告（8条）
-- =========================
INSERT INTO `notice` (`id`,`noticeTitle`,`noticeContent`,`noticeAdminId`,`createTime`,`updateTime`,`isDelete`) VALUES
(3301001,'清明假期景区预约提示','清明期间热门景区客流较大，请提前在景区官方渠道预约，避免现场排队。',5,'2026-03-23 09:30:00','2026-03-23 09:30:00',0),
(3301002,'西安部分景区夜场开放','本周五至周日，大雁塔周边夜间演出延长至21:30，建议错峰出行。',5,'2026-03-23 09:31:00','2026-03-23 09:31:00',0),
(3301003,'北京长城风大注意保暖','近期八达岭区域风力较强，建议携带防风外套和舒适防滑鞋。',5,'2026-03-23 09:32:00','2026-03-23 09:32:00',0),
(3301004,'杭州西湖周末交通提醒','周末西湖周边停车紧张，建议优先地铁或公交出行。',5,'2026-03-23 09:33:00','2026-03-23 09:33:00',0),
(3301005,'成都熊猫基地早高峰提示','熊猫基地上午9:00-11:00客流密集，建议提前入园并规划参观路线。',5,'2026-03-23 09:34:00','2026-03-23 09:34:00',0),
(3301006,'平台新增多城市路线模板','平台已上线北京、杭州、西安、成都多主题路线，可在景点路线页查看。',5,'2026-03-23 09:35:00','2026-03-23 09:35:00',0),
(3301007,'旅游旺季消费防骗提醒','请在正规平台预订门票与酒店，谨防低价陷阱和虚假导游服务。',5,'2026-03-23 09:36:00','2026-03-23 09:36:00',0),
(3301008,'景区文明旅游倡议','请遵守景区秩序，爱护文物古迹，不乱刻画、不乱丢垃圾。',5,'2026-03-23 09:37:00','2026-03-23 09:37:00',0);

-- =========================
-- 7) 重建攻略（12条）
-- =========================
INSERT INTO `post` (`id`,`title`,`content`,`tags`,`thumbNum`,`favourNum`,`userId`,`createTime`,`updateTime`,`isDelete`) VALUES
(3401001,'北京2天经典路线（故宫+长城）','第1天建议故宫+景山，第2天建议八达岭长城，市内交通以地铁+景区专线为主。','["北京","历史文化","2天"]',12,29,5,'2026-03-23 09:40:00','2026-03-23 09:40:00',0),
(3401002,'北京胡同夜游怎么安排','南锣鼓巷到什刹海步行线路适合夜游，建议18点后开始，拍照与美食体验兼顾。','["北京","夜游","美食"]',7,15,6,'2026-03-23 09:41:00','2026-03-23 09:41:00',0),
(3401003,'杭州西湖一日慢游攻略','上午苏堤骑行，下午雷峰塔和湖滨散步，晚间河坊街小吃打卡。','["杭州","自然风光","1天"]',11,22,5,'2026-03-23 09:42:00','2026-03-23 09:42:00',0),
(3401004,'杭州灵隐寺+西溪湿地双线推荐','灵隐寺适合早去避人流，西溪湿地建议下午乘船体验。','["杭州","亲子","慢游"]',6,13,6,'2026-03-23 09:43:00','2026-03-23 09:43:00',0),
(3401005,'西安3天深度文化游','兵马俑+华清宫建议同日，城墙与大雁塔安排在城市日，回民街留给晚上。','["西安","历史文化","3天"]',16,33,5,'2026-03-23 09:44:00','2026-03-23 09:44:00',0),
(3401006,'西安美食避坑与点单建议','回民街建议避开景区主干道高峰，优先本地口碑老店。','["西安","美食","避坑"]',8,19,6,'2026-03-23 09:45:00','2026-03-23 09:45:00',0),
(3401007,'成都亲子游路线（熊猫基地优先）','熊猫基地尽量上午入园，下午锦里和宽窄巷子轻松逛。','["成都","亲子","2天"]',10,24,5,'2026-03-23 09:46:00','2026-03-23 09:46:00',0),
(3401008,'成都山水线：都江堰+青城山','建议早出发，先都江堰后青城山，步行强度中等。','["成都","自然风光","1天"]',9,18,6,'2026-03-23 09:47:00','2026-03-23 09:47:00',0),
(3401009,'预算1000元如何玩北京2天','交通优先地铁，门票选择核心景点，住宿可选二环外地铁沿线。','["北京","预算","2天"]',13,21,5,'2026-03-23 09:48:00','2026-03-23 09:48:00',0),
(3401010,'预算1500元杭州+周边轻松游','西湖+灵隐寺+千岛湖组合，住宿建议选地铁沿线。','["杭州","预算","2-3天"]',7,14,6,'2026-03-23 09:49:00','2026-03-23 09:49:00',0),
(3401011,'西安夜景拍照机位推荐','城墙南门段和大雁塔广场适合夜景，建议携带轻便三脚架。','["西安","夜游","拍照"]',5,12,5,'2026-03-23 09:50:00','2026-03-23 09:50:00',0),
(3401012,'成都春熙路夜生活攻略','春熙路晚餐后可步行至太古里，适合年轻人夜游路线。','["成都","夜游","城市"]',6,11,6,'2026-03-23 09:51:00','2026-03-23 09:51:00',0);

-- =========================
-- 8) 重建旅客留言（18条）
-- =========================
INSERT INTO `barrage` (`id`,`message`,`userAvatar`,`userId`,`isSelected`,`createTime`,`updateTime`,`isDelete`) VALUES
(3501001,'北京故宫建议至少预留半天，不然会很赶。','https://www.code-nav.cn/logo.png',6,1,'2026-03-23 10:00:00','2026-03-23 10:00:00',0),
(3501002,'西湖傍晚真的很美，湖边风景很治愈。','https://www.code-nav.cn/logo.png',5,1,'2026-03-23 10:01:00','2026-03-23 10:01:00',0),
(3501003,'兵马俑讲解很关键，建议拼讲解团。','https://www.code-nav.cn/logo.png',6,0,'2026-03-23 10:02:00','2026-03-23 10:02:00',0),
(3501004,'成都熊猫基地上午去最合适，熊猫更活跃。','https://www.code-nav.cn/logo.png',5,1,'2026-03-23 10:03:00','2026-03-23 10:03:00',0),
(3501005,'长城风大，带帽子和防风外套很有必要。','https://www.code-nav.cn/logo.png',6,0,'2026-03-23 10:04:00','2026-03-23 10:04:00',0),
(3501006,'河坊街的小吃集中，晚上氛围更好。','https://www.code-nav.cn/logo.png',5,0,'2026-03-23 10:05:00','2026-03-23 10:05:00',0),
(3501007,'西安城墙骑行体验不错，路线平缓。','https://www.code-nav.cn/logo.png',6,0,'2026-03-23 10:06:00','2026-03-23 10:06:00',0),
(3501008,'都江堰和青城山一天略紧，建议早起。','https://www.code-nav.cn/logo.png',5,0,'2026-03-23 10:07:00','2026-03-23 10:07:00',0),
(3501009,'南锣鼓巷周末人多，工作日体验更好。','https://www.code-nav.cn/logo.png',6,0,'2026-03-23 10:08:00','2026-03-23 10:08:00',0),
(3501010,'灵隐寺建议提前线上购票，排队会少一些。','https://www.code-nav.cn/logo.png',5,0,'2026-03-23 10:09:00','2026-03-23 10:09:00',0),
(3501011,'回民街美食很多，建议先看评价再排队。','https://www.code-nav.cn/logo.png',6,0,'2026-03-23 10:10:00','2026-03-23 10:10:00',0),
(3501012,'春熙路晚上灯光很好，拍照出片。','https://www.code-nav.cn/logo.png',5,0,'2026-03-23 10:11:00','2026-03-23 10:11:00',0),
(3501013,'颐和园适合慢慢逛，别安排太满。','https://www.code-nav.cn/logo.png',6,0,'2026-03-23 10:12:00','2026-03-23 10:12:00',0),
(3501014,'西溪湿地乘船体验值得安排。','https://www.code-nav.cn/logo.png',5,0,'2026-03-23 10:13:00','2026-03-23 10:13:00',0),
(3501015,'大雁塔夜景和音乐喷泉都很推荐。','https://www.code-nav.cn/logo.png',6,1,'2026-03-23 10:14:00','2026-03-23 10:14:00',0),
(3501016,'锦里古街适合边走边吃，不用赶。','https://www.code-nav.cn/logo.png',5,0,'2026-03-23 10:15:00','2026-03-23 10:15:00',0),
(3501017,'什刹海夜晚骑行很舒服。','https://www.code-nav.cn/logo.png',6,0,'2026-03-23 10:16:00','2026-03-23 10:16:00',0),
(3501018,'千岛湖建议预留整天，游船时间较长。','https://www.code-nav.cn/logo.png',5,0,'2026-03-23 10:17:00','2026-03-23 10:17:00',0);

-- =========================
-- 9) 重建评论（16条，关联攻略）
-- =========================
INSERT INTO `comment` (`id`,`postId`,`userId`,`content`,`parentId`,`createTime`,`updateTime`,`isDelete`,`ancestorId`) VALUES
(3601001,3401001,6,'这条北京2天路线很实用，我照着走了一遍。',NULL,'2026-03-23 10:20:00','2026-03-23 10:20:00',0,NULL),
(3601002,3401001,5,'建议补充一下故宫预约时间段信息。',NULL,'2026-03-23 10:21:00','2026-03-23 10:21:00',0,NULL),
(3601003,3401002,6,'胡同夜游那段很有帮助，感谢分享。',NULL,'2026-03-23 10:22:00','2026-03-23 10:22:00',0,NULL),
(3601004,3401003,5,'西湖一日安排节奏不错，不会太累。',NULL,'2026-03-23 10:23:00','2026-03-23 10:23:00',0,NULL),
(3601005,3401004,6,'灵隐寺和西溪湿地组合很适合亲子。',NULL,'2026-03-23 10:24:00','2026-03-23 10:24:00',0,NULL),
(3601006,3401005,5,'西安3天这篇很完整，路线清晰。',NULL,'2026-03-23 10:25:00','2026-03-23 10:25:00',0,NULL),
(3601007,3401006,6,'回民街避坑建议很实在。',NULL,'2026-03-23 10:26:00','2026-03-23 10:26:00',0,NULL),
(3601008,3401007,5,'熊猫基地建议提前预约，补充一下会更好。',NULL,'2026-03-23 10:27:00','2026-03-23 10:27:00',0,NULL),
(3601009,3401008,6,'都江堰和青城山一天确实偏紧。',NULL,'2026-03-23 10:28:00','2026-03-23 10:28:00',0,NULL),
(3601010,3401009,5,'预算部分写得很细，收藏了。',NULL,'2026-03-23 10:29:00','2026-03-23 10:29:00',0,NULL),
(3601011,3401010,6,'杭州预算方案挺适合周末短途。',NULL,'2026-03-23 10:30:00','2026-03-23 10:30:00',0,NULL),
(3601012,3401011,5,'夜景机位建议实测有效。',NULL,'2026-03-23 10:31:00','2026-03-23 10:31:00',0,NULL),
(3601013,3401012,6,'春熙路夜游路线安排合理。',NULL,'2026-03-23 10:32:00','2026-03-23 10:32:00',0,NULL),
(3601014,3401001,5,'同意，长城当天尽量别再排太多市内景点。',3601001,'2026-03-23 10:33:00','2026-03-23 10:33:00',0,3601001),
(3601015,3401005,6,'补充一点：兵马俑建议工作日去，人少体验更好。',3601006,'2026-03-23 10:34:00','2026-03-23 10:34:00',0,3601006),
(3601016,3401007,5,'亲子出行记得带轻便推车，园区步行较多。',3601008,'2026-03-23 10:35:00','2026-03-23 10:35:00',0,3601008);

COMMIT;

SET FOREIGN_KEY_CHECKS = 1;

-- =========================
-- 10) 执行后快速验证（可单独执行）
-- =========================
-- SELECT COUNT(*) AS spot_count FROM spot WHERE isDelete = 0 AND spotStatus = 1;
-- SELECT COUNT(*) AS route_count FROM spot_route WHERE isDelete = 0;
-- SELECT COUNT(*) AS notice_count FROM notice WHERE isDelete = 0;
-- SELECT COUNT(*) AS post_count FROM post WHERE isDelete = 0;
-- SELECT COUNT(*) AS barrage_count FROM barrage WHERE isDelete = 0;
-- SELECT COUNT(*) AS comment_count FROM comment WHERE isDelete = 0;
