/*
  增量数据包：景区 + 路线 + 门票
  适用库：tourism
  特点：只新增，不清空；重复执行不会重复插入（按主键 id 幂等）
*/

SET NAMES utf8mb4;
SET FOREIGN_KEY_CHECKS = 0;
START TRANSACTION;

-- =========================
-- 1) 新增景点（25条）
-- =========================
INSERT INTO `spot` (`id`,`adminId`,`spotName`,`spotAvatar`,`spotLocation`,`spotDescription`,`spotTags`,`favourNum`,`viewNum`,`spotStatus`,`createTime`,`updateTime`,`isDelete`) VALUES
(3005001,5,'外滩','https://upload.wikimedia.org/wikipedia/commons/8/86/The_Bund_Shanghai_China.jpg','上海','黄浦江畔经典天际线与万国建筑群。','["城市地标","夜景","上海"]',188,980,1,'2026-03-23 22:20:00','2026-03-23 22:20:00',0),
(3005002,5,'东方明珠广播电视塔','https://upload.wikimedia.org/wikipedia/commons/1/13/Oriental_Pearl_Tower_in_Shanghai.jpg','上海','上海核心城市地标，适合俯瞰浦江。','["城市地标","观景","上海"]',172,910,1,'2026-03-23 22:20:00','2026-03-23 22:20:00',0),
(3005003,5,'豫园','https://upload.wikimedia.org/wikipedia/commons/0/08/Yu_Garden%2C_Shanghai%2C_China.jpg','上海','江南古典园林与老城厢文化代表。','["园林","历史文化","上海"]',136,760,1,'2026-03-23 22:20:00','2026-03-23 22:20:00',0),
(3005004,5,'南京路步行街','https://upload.wikimedia.org/wikipedia/commons/5/56/Nanjing_Road%2C_Shanghai.jpg','上海','都市商圈与夜间步行街体验。','["商业街区","夜游","上海"]',149,820,1,'2026-03-23 22:20:00','2026-03-23 22:20:00',0),
(3005005,5,'上海迪士尼度假区','https://upload.wikimedia.org/wikipedia/commons/d/db/Shanghai_Disneyland_Castle.jpg','上海','亲子及主题乐园出行首选。','["亲子","主题乐园","上海"]',215,1200,1,'2026-03-23 22:20:00','2026-03-23 22:20:00',0),

(3006001,5,'夫子庙','https://upload.wikimedia.org/wikipedia/commons/6/62/Confucius_Temple%2C_Nanjing.jpg','南京','秦淮文化核心区域，夜景与美食丰富。','["历史文化","美食","南京"]',168,860,1,'2026-03-23 22:20:00','2026-03-23 22:20:00',0),
(3006002,5,'中山陵','https://upload.wikimedia.org/wikipedia/commons/5/53/Sun_Yat-sen_Mausoleum.jpg','南京','近代历史纪念地，台阶登临视野开阔。','["历史文化","纪念建筑","南京"]',159,830,1,'2026-03-23 22:20:00','2026-03-23 22:20:00',0),
(3006003,5,'玄武湖','https://upload.wikimedia.org/wikipedia/commons/e/e6/Xuanwu_Lake_Nanjing.jpg','南京','城市湖景公园，适合慢跑与骑行。','["自然风光","休闲","南京"]',125,700,1,'2026-03-23 22:20:00','2026-03-23 22:20:00',0),
(3006004,5,'南京博物院','https://upload.wikimedia.org/wikipedia/commons/7/70/Nanjing_Museum.jpg','南京','综合性博物馆，文物馆藏丰富。','["博物馆","历史文化","南京"]',142,770,1,'2026-03-23 22:20:00','2026-03-23 22:20:00',0),
(3006005,5,'老门东','https://upload.wikimedia.org/wikipedia/commons/e/e9/Laomendong_Nanjing.jpg','南京','老城街区更新样本，适合夜游与拍照。','["人文街区","夜游","南京"]',133,740,1,'2026-03-23 22:20:00','2026-03-23 22:20:00',0),

(3007001,5,'洪崖洞','https://upload.wikimedia.org/wikipedia/commons/7/7a/Hongyadong.jpg','重庆','山城吊脚楼夜景地标，灯光效果突出。','["夜景","城市地标","重庆"]',221,1250,1,'2026-03-23 22:20:00','2026-03-23 22:20:00',0),
(3007002,5,'解放碑','https://upload.wikimedia.org/wikipedia/commons/0/06/Jiefangbei%2C_Chongqing.jpg','重庆','重庆商圈核心，交通便捷。','["城市地标","商业街区","重庆"]',145,780,1,'2026-03-23 22:20:00','2026-03-23 22:20:00',0),
(3007003,5,'长江索道','https://upload.wikimedia.org/wikipedia/commons/0/08/Changjiang_Cableway.jpg','重庆','跨江交通体验项目，山城特色鲜明。','["特色交通","观景","重庆"]',171,890,1,'2026-03-23 22:20:00','2026-03-23 22:20:00',0),
(3007004,5,'磁器口古镇','https://upload.wikimedia.org/wikipedia/commons/3/31/Ciqikou_Ancient_Town.jpg','重庆','传统古镇街巷与本地小吃体验。','["古镇","美食","重庆"]',152,810,1,'2026-03-23 22:20:00','2026-03-23 22:20:00',0),
(3007005,5,'武隆天生三桥','https://upload.wikimedia.org/wikipedia/commons/4/44/Three_Natural_Bridges_Wulong.jpg','重庆','喀斯特地貌奇观，适合自然风光游。','["自然风光","世界自然遗产","重庆"]',187,960,1,'2026-03-23 22:20:00','2026-03-23 22:20:00',0),

(3008001,5,'拙政园','https://upload.wikimedia.org/wikipedia/commons/3/34/Humble_Administrator%27s_Garden.jpg','苏州','苏州园林代表，江南文化底蕴浓厚。','["园林","历史文化","苏州"]',176,920,1,'2026-03-23 22:20:00','2026-03-23 22:20:00',0),
(3008002,5,'平江路','https://upload.wikimedia.org/wikipedia/commons/6/64/Pingjiang_Road_Suzhou.jpg','苏州','古城水巷步行街，适合慢游。','["古街","休闲","苏州"]',141,760,1,'2026-03-23 22:20:00','2026-03-23 22:20:00',0),
(3008003,5,'寒山寺','https://upload.wikimedia.org/wikipedia/commons/8/84/Hanshan_Temple.jpg','苏州','江南名寺，文化典故知名度高。','["寺庙","历史文化","苏州"]',128,700,1,'2026-03-23 22:20:00','2026-03-23 22:20:00',0),
(3008004,5,'周庄古镇','https://upload.wikimedia.org/wikipedia/commons/a/ac/Zhouzhuang_Ancient_Town.jpg','苏州','经典水乡古镇，游船体验丰富。','["古镇","水乡","苏州"]',163,840,1,'2026-03-23 22:20:00','2026-03-23 22:20:00',0),
(3008005,5,'金鸡湖','https://upload.wikimedia.org/wikipedia/commons/d/de/Jinji_Lake_Suzhou.jpg','苏州','现代城市湖区，夜跑休闲热门。','["湖泊","城市休闲","苏州"]',119,650,1,'2026-03-23 22:20:00','2026-03-23 22:20:00',0),

(3009001,5,'漓江','https://upload.wikimedia.org/wikipedia/commons/4/4e/Li_River_Guilin.jpg','桂林','山水甲天下代表景观，游船体验经典。','["自然风光","山水","桂林"]',224,1260,1,'2026-03-23 22:20:00','2026-03-23 22:20:00',0),
(3009002,5,'象鼻山','https://upload.wikimedia.org/wikipedia/commons/3/31/Elephant_Trunk_Hill_Guilin.jpg','桂林','桂林城市名片，适合半日游。','["自然地标","山水","桂林"]',157,820,1,'2026-03-23 22:20:00','2026-03-23 22:20:00',0),
(3009003,5,'阳朔西街','https://upload.wikimedia.org/wikipedia/commons/2/25/Yangshuo_West_Street.jpg','桂林','中外游客聚集的休闲街区。','["人文街区","夜游","桂林"]',147,790,1,'2026-03-23 22:20:00','2026-03-23 22:20:00',0),
(3009004,5,'龙脊梯田','https://upload.wikimedia.org/wikipedia/commons/0/07/Longji_Rice_Terraces.jpg','桂林','梯田景观层次丰富，摄影热门。','["自然风光","摄影","桂林"]',169,880,1,'2026-03-23 22:20:00','2026-03-23 22:20:00',0),
(3009005,5,'两江四湖','https://upload.wikimedia.org/wikipedia/commons/f/f1/Two_Rivers_and_Four_Lakes_Guilin.jpg','桂林','城市水系夜游项目，适合晚间安排。','["夜游","水系景观","桂林"]',134,720,1,'2026-03-23 22:20:00','2026-03-23 22:20:00',0)
ON DUPLICATE KEY UPDATE `id` = `id`;

-- =========================
-- 2) 新增门票（25条）
-- =========================
INSERT INTO `spot_fee` (`id`,`spotId`,`adminId`,`spotFeeDescription`,`spotFeePrice`,`spotFeeNumber`,`spotFeeStatus`,`createTime`,`updateTime`,`isDelete`) VALUES
(3105001,3005001,5,'外滩城市观光票',20.00,5000,1,'2026-03-23 22:25:00','2026-03-23 22:25:00',0),
(3105002,3005002,5,'东方明珠观景票',199.00,5000,1,'2026-03-23 22:25:00','2026-03-23 22:25:00',0),
(3105003,3005003,5,'豫园门票',40.00,5000,1,'2026-03-23 22:25:00','2026-03-23 22:25:00',0),
(3105004,3005004,5,'南京路城市体验票',15.00,5000,1,'2026-03-23 22:25:00','2026-03-23 22:25:00',0),
(3105005,3005005,5,'上海迪士尼一日票',475.00,5000,1,'2026-03-23 22:25:00','2026-03-23 22:25:00',0),

(3106001,3006001,5,'夫子庙秦淮游览票',30.00,5000,1,'2026-03-23 22:25:00','2026-03-23 22:25:00',0),
(3106002,3006002,5,'中山陵景区门票',60.00,5000,1,'2026-03-23 22:25:00','2026-03-23 22:25:00',0),
(3106003,3006003,5,'玄武湖环湖票',25.00,5000,1,'2026-03-23 22:25:00','2026-03-23 22:25:00',0),
(3106004,3006004,5,'南京博物院展馆票',50.00,5000,1,'2026-03-23 22:25:00','2026-03-23 22:25:00',0),
(3106005,3006005,5,'老门东街区体验票',20.00,5000,1,'2026-03-23 22:25:00','2026-03-23 22:25:00',0),

(3107001,3007001,5,'洪崖洞夜景观光票',35.00,5000,1,'2026-03-23 22:25:00','2026-03-23 22:25:00',0),
(3107002,3007002,5,'解放碑城市体验票',15.00,5000,1,'2026-03-23 22:25:00','2026-03-23 22:25:00',0),
(3107003,3007003,5,'长江索道往返票',30.00,5000,1,'2026-03-23 22:25:00','2026-03-23 22:25:00',0),
(3107004,3007004,5,'磁器口古镇游览票',20.00,5000,1,'2026-03-23 22:25:00','2026-03-23 22:25:00',0),
(3107005,3007005,5,'武隆天生三桥门票',125.00,5000,1,'2026-03-23 22:25:00','2026-03-23 22:25:00',0),

(3108001,3008001,5,'拙政园门票',80.00,5000,1,'2026-03-23 22:25:00','2026-03-23 22:25:00',0),
(3108002,3008002,5,'平江路古街体验票',20.00,5000,1,'2026-03-23 22:25:00','2026-03-23 22:25:00',0),
(3108003,3008003,5,'寒山寺门票',30.00,5000,1,'2026-03-23 22:25:00','2026-03-23 22:25:00',0),
(3108004,3008004,5,'周庄古镇联票',100.00,5000,1,'2026-03-23 22:25:00','2026-03-23 22:25:00',0),
(3108005,3008005,5,'金鸡湖游船票',40.00,5000,1,'2026-03-23 22:25:00','2026-03-23 22:25:00',0),

(3109001,3009001,5,'漓江游船票',210.00,5000,1,'2026-03-23 22:25:00','2026-03-23 22:25:00',0),
(3109002,3009002,5,'象鼻山门票',70.00,5000,1,'2026-03-23 22:25:00','2026-03-23 22:25:00',0),
(3109003,3009003,5,'阳朔西街体验票',20.00,5000,1,'2026-03-23 22:25:00','2026-03-23 22:25:00',0),
(3109004,3009004,5,'龙脊梯田门票',80.00,5000,1,'2026-03-23 22:25:00','2026-03-23 22:25:00',0),
(3109005,3009005,5,'两江四湖夜游票',120.00,5000,1,'2026-03-23 22:25:00','2026-03-23 22:25:00',0)
ON DUPLICATE KEY UPDATE `id` = `id`;

-- =========================
-- 3) 新增路线（15条）
-- =========================
INSERT INTO `spot_route` (`id`,`spotIds`,`adminId`,`spotRouteAvatar`,`spotRouteDescription`,`createTime`,`updateTime`,`isDelete`) VALUES
(3205001,'["3005001","3005002","3005004"]',5,'https://upload.wikimedia.org/wikipedia/commons/8/86/The_Bund_Shanghai_China.jpg','上海都市地标一日线：外滩 -> 东方明珠 -> 南京路步行街','2026-03-23 22:30:00','2026-03-23 22:30:00',0),
(3205002,'["3005003","3005001","3005004"]',5,'https://upload.wikimedia.org/wikipedia/commons/0/08/Yu_Garden%2C_Shanghai%2C_China.jpg','上海老城风情线：豫园 -> 外滩 -> 南京路步行街','2026-03-23 22:30:00','2026-03-23 22:30:00',0),
(3205003,'["3005005","3005001"]',5,'https://upload.wikimedia.org/wikipedia/commons/d/db/Shanghai_Disneyland_Castle.jpg','上海亲子休闲线：迪士尼 -> 外滩夜景','2026-03-23 22:30:00','2026-03-23 22:30:00',0),

(3206001,'["3006002","3006003","3006001"]',5,'https://upload.wikimedia.org/wikipedia/commons/5/53/Sun_Yat-sen_Mausoleum.jpg','南京历史文化线：中山陵 -> 玄武湖 -> 夫子庙','2026-03-23 22:30:00','2026-03-23 22:30:00',0),
(3206002,'["3006004","3006005","3006001"]',5,'https://upload.wikimedia.org/wikipedia/commons/7/70/Nanjing_Museum.jpg','南京博物与街区线：南京博物院 -> 老门东 -> 夫子庙','2026-03-23 22:30:00','2026-03-23 22:30:00',0),
(3206003,'["3006003","3006002"]',5,'https://upload.wikimedia.org/wikipedia/commons/e/e6/Xuanwu_Lake_Nanjing.jpg','南京慢游半日线：玄武湖 -> 中山陵','2026-03-23 22:30:00','2026-03-23 22:30:00',0),

(3207001,'["3007001","3007002","3007003"]',5,'https://upload.wikimedia.org/wikipedia/commons/7/7a/Hongyadong.jpg','重庆夜景地标线：洪崖洞 -> 解放碑 -> 长江索道','2026-03-23 22:30:00','2026-03-23 22:30:00',0),
(3207002,'["3007004","3007001","3007002"]',5,'https://upload.wikimedia.org/wikipedia/commons/3/31/Ciqikou_Ancient_Town.jpg','重庆山城人文线：磁器口 -> 洪崖洞 -> 解放碑','2026-03-23 22:30:00','2026-03-23 22:30:00',0),
(3207003,'["3007005","3007001"]',5,'https://upload.wikimedia.org/wikipedia/commons/4/44/Three_Natural_Bridges_Wulong.jpg','重庆自然奇观线：武隆天生三桥 -> 洪崖洞夜游','2026-03-23 22:30:00','2026-03-23 22:30:00',0),

(3208001,'["3008001","3008002","3008003"]',5,'https://upload.wikimedia.org/wikipedia/commons/3/34/Humble_Administrator%27s_Garden.jpg','苏州园林古街线：拙政园 -> 平江路 -> 寒山寺','2026-03-23 22:30:00','2026-03-23 22:30:00',0),
(3208002,'["3008004","3008001"]',5,'https://upload.wikimedia.org/wikipedia/commons/a/ac/Zhouzhuang_Ancient_Town.jpg','苏州水乡经典线：周庄古镇 -> 拙政园','2026-03-23 22:30:00','2026-03-23 22:30:00',0),
(3208003,'["3008005","3008002"]',5,'https://upload.wikimedia.org/wikipedia/commons/d/de/Jinji_Lake_Suzhou.jpg','苏州城市休闲线：金鸡湖 -> 平江路','2026-03-23 22:30:00','2026-03-23 22:30:00',0),

(3209001,'["3009001","3009002","3009005"]',5,'https://upload.wikimedia.org/wikipedia/commons/4/4e/Li_River_Guilin.jpg','桂林山水经典线：漓江 -> 象鼻山 -> 两江四湖','2026-03-23 22:30:00','2026-03-23 22:30:00',0),
(3209002,'["3009004","3009003"]',5,'https://upload.wikimedia.org/wikipedia/commons/0/07/Longji_Rice_Terraces.jpg','桂林梯田人文线：龙脊梯田 -> 阳朔西街','2026-03-23 22:30:00','2026-03-23 22:30:00',0),
(3209003,'["3009001","3009003","3009002"]',5,'https://upload.wikimedia.org/wikipedia/commons/2/25/Yangshuo_West_Street.jpg','桂林阳朔轻松线：漓江 -> 阳朔西街 -> 象鼻山','2026-03-23 22:30:00','2026-03-23 22:30:00',0)
ON DUPLICATE KEY UPDATE `id` = `id`;

COMMIT;
SET FOREIGN_KEY_CHECKS = 1;

-- 验证（可单独执行）
-- SELECT COUNT(*) AS spot_count FROM spot;
-- SELECT COUNT(*) AS spot_fee_count FROM spot_fee;
-- SELECT COUNT(*) AS route_count FROM spot_route;
